cell,delta_lower,delta_upper,endpoint_real_lower,distance_real_lower,argument_norm_upper
0,0.0,0.0015935897827148438,0.09391249598753532,0.0655826074416588,0.0008555996295321865
1,0.0015935897827148438,0.0031871795654296875,0.09359897613869603,0.06624697781095844,0.0017121899513002443
2,0.0031871795654296875,0.004780769348144531,0.09328363845482272,0.0668912600777362,0.002575068501900639
3,0.004780769348144531,0.006374359130859375,0.09296726277475148,0.0674662172095991,0.003443583889549551
4,0.006374359130859375,0.007967948913574219,0.09264995211719722,0.0680364160178253,0.004317764045064306
5,0.007967948913574219,0.009561538696289062,0.09233165531101016,0.06860176861821729,0.005197637010841028
6,0.009561538696289062,0.011155128479003906,0.09201232049354405,0.0691621877181734,0.006083230815653314
7,0.011155128479003906,0.01274871826171875,0.0916918951159614,0.06971758668585526,0.006974573439357863
8,0.01274871826171875,0.014342308044433594,0.0913703259491704,0.0702678796214941,0.00787169279752458
9,0.014342308044433594,0.015935897827148438,0.09104755909041429,0.07081298143085628,0.008774616731971783
10,0.015935897827148438,0.01752948760986328,0.09072353997053527,0.07135280790090617,0.009683373003378728
11,0.01752948760986328,0.019123077392578125,0.0903982133619343,0.07188727577769483,0.010597989284697565
12,0.019123077392578125,0.02071666717529297,0.0900715233872491,0.07241630284649804,0.011518493154872538
13,0.02071666717529297,0.022310256958007812,0.08974341352877298,0.07293980801424572,0.012444912092653804
14,0.022310256958007812,0.023903846740722656,0.08941382663863703,0.07345771139424934,0.013377273470407505
15,0.023903846740722656,0.0254974365234375,0.08908270494977868,0.07396993439327408,0.014315604547869905
16,0.0254974365234375,0.027091026306152344,0.08874999008771989,0.0744763998009663,0.015259932465819501
17,0.027091026306152344,0.028684616088867188,0.08841562308317875,0.07497703188167058,0.016210284239650614
18,0.028684616088867188,0.03027820587158203,0.0880795443855379,0.07547175646865165,0.017166686752838996
19,0.03027820587158203,0.031871795654296875,0.08774169387719365,0.07596050106074301,0.018129166750293035
20,0.031871795654296875,0.03346538543701172,0.0874020108888104,0.07644319492144709,0.019097750831585984
21,0.03346538543701172,0.03505897521972656,0.08706043421550441,0.07691976918050818,0.020072465444065806
22,0.03505897521972656,0.036652565002441406,0.08671690213398082,0.07739015693795114,0.021053336875840913
23,0.036652565002441406,0.03824615478515625,0.08637135242064965,0.07785429337063782,0.022040391248638106
24,0.03824615478515625,0.039839744567871094,0.08602372237074445,0.07831211584132504,0.02303365451053227
25,0.039839744567871094,0.04143333435058594,0.08567394881846872,0.0787635640102445,0.024033152428545246
26,0.04143333435058594,0.04302692413330078,0.08532196815819514,0.07920857994921984,0.025038910581112798
27,0.04302692413330078,0.044620513916015625,0.08496771636674187,0.0796471082583189,0.02605095435041808
28,0.044620513916015625,0.04621410369873047,0.08461112902675112,0.08007909618504268,0.027069308914590258
29,0.04621410369873047,0.04780769348144531,0.08425214135119455,0.08050449374606852,0.02809399923976702
30,0.04780769348144531,0.049401283264160156,0.08389068820903053,0.08092325385153602,0.029125050072019334
31,0.049401283264160156,0.050994873046875,0.08352670415203693,0.08133533243186172,0.0301624859291384
32,0.050994873046875,0.052588462829589844,0.08316012344284487,0.0817406885671048,0.031206331092282012
33,0.052588462829589844,0.05418205261230469,0.0827908800841968,0.08213928461884425,0.03225660959748043
34,0.05418205261230469,0.05577564239501953,0.08241890784945337,0.08253108636457801,0.03331334522700027
35,0.05577564239501953,0.057369232177734375,0.08204413981214591,0.08291606313461915,0.03437656150056512
36,0.057369232177734375,0.05896282196044922,0.08166650942334863,0.08329418795146465,0.035446281666432405
37,0.05896282196044922,0.06055641174316406,0.08128595036085114,0.08366543767162611,0.03652252869232516
38,0.06055641174316406,0.062150001525878906,0.0809023958103062,0.08402979312989474,0.03760532525621728
39,0.062150001525878906,0.06374359130859375,0.08051577890006,0.0843872392859973,0.03869469373697303
40,0.06374359130859375,0.0653371810913086,0.08012603273963415,0.08473776537362245,0.03979065620483771
41,0.0653371810913086,0.06693077087402344,0.07973309045961345,0.08508136505178236,0.04089323441178059
42,0.06693077087402344,0.06852436065673828,0.07933688525295905,0.08541803655845231,0.04200244978168786
43,0.06852436065673828,0.07011795043945312,0.07893735041776691,0.08574778286645711,0.043118323400406264
44,0.07011795043945312,0.07171154022216797,0.07853441940149046,0.08607061184154158,0.0442408760056354
45,0.07171154022216797,0.07330513000488281,0.07812802584664456,0.08638653640257184,0.04537012797666926
46,0.07330513000488281,0.07489871978759766,0.07771810363800939,0.08669557468381787,0.046506099323985556
47,0.07489871978759766,0.0764923095703125,0.07730458695134829,0.08699775019923031,0.047648809678682465
48,0.0764923095703125,0.07808589935302734,0.07688741030365603,0.0872930920086568,0.04879827828176327
49,0.07808589935302734,0.07967948913574219,0.07646650860495019,0.08758163488590605,0.049954523973267335
50,0.07967948913574219,0.08127307891845703,0.07604181721161993,0.08786341948860443,0.05111756518124711
51,0.08127307891845703,0.08286666870117188,0.07561327198134161,0.08813849252972271,0.05228741991059211
52,0.08286666870117188,0.08446025848388672,0.07518080932957186,0.088406906950693,0.053464105731698436
53,0.08446025848388672,0.08605384826660156,0.07474436628762789,0.08866872209603265,0.054647639768984194
54,0.08605384826660156,0.0876474380493164,0.0743038805623596,0.08892400388933216,0.055838038689250885
55,0.0876474380493164,0.08924102783203125,0.0738592905974215,0.08917282501053271,0.05703531868989018
56,0.08924102783203125,0.0908346176147461,0.07341053563614573,0.08941526507434207,0.05823949548693752
57,0.0908346176147461,0.09242820739746094,0.07295755578601908,0.08965141080967394,0.05945058430297097
58,0.09242820739746094,0.09402179718017578,0.07250029208476412,0.08988135623998426,0.060668599854857015
59,0.09402179718017578,0.09561538696289062,0.07203868656802238,0.09010520286435754,0.06189355634134267
60,0.09561538696289062,0.09720897674560547,0.07157268233863415,0.09032305983918718,0.0631254674304952
61,0.09720897674560547,0.09880256652832031,0.07110222363751005,0.0905350441603073,0.06436434624698918
62,0.09880256652832031,0.10039615631103516,0.0706272559160847,0.09074128084540477,0.06561020535924236
63,0.10039615631103516,0.10198974609375,0.07014772591034095,0.09094190311653377,0.06686305676640056
64,0.10198974609375,0.10358333587646484,0.0696635817163937,0.0911370525825871,0.0681229118851714
65,0.10358333587646484,0.10517692565917969,0.06917477286761237,0.09132687942148056,0.0693897815365109
66,0.10517692565917969,0.10677051544189453,0.06868125041326638,0.0915115425618986,0.07066367593216065
67,0.10677051544189453,0.10836410522460938,0.06818296699867252,0.09169120986439983,0.0719446046610378
68,0.10836410522460938,0.10995769500732422,0.06767987694681504,0.09186605830162861,0.07323257667548086
69,0.10995769500732422,0.11155128479003906,0.06717193634141622,0.09203627413746841,0.07452760027734942
70,0.11155128479003906,0.1131448745727539,0.06665910311142079,0.09220205310485023,0.07582968310398251
71,0.1131448745727539,0.11473846435546875,0.06614133711686385,0.09236360058202518,0.07713883211401516
72,0.11473846435546875,0.1163320541381836,0.06561860023608317,0.09252113176703015,0.07845505357305575
73,0.1163320541381836,0.11792564392089844,0.06509085645423149,0.09267487185007171,0.0797783530392267
74,0.11792564392089844,0.11951923370361328,0.06455807195305108,0.09282505618362591,0.08110873534856812
75,0.11951923370361328,0.12111282348632812,0.06402021520185386,0.09297193044990797,0.08244620460030942
76,0.12111282348632812,0.12270641326904297,0.06347725704965862,0.09311575082546573,0.08379076414200994
77,0.12270641326904297,0.12430000305175781,0.0629275892835119,0.09325677208460233,0.08514241655457068
78,0.12430000305175781,0.12589359283447266,0.06236948579649074,0.09339525948700624,0.08650116363712022
79,0.12589359283447266,0.1274871826171875,0.06180603526123617,0.09353152566622325,0.08786700639177764
80,0.1274871826171875,0.12908077239990234,0.061237214298048584,0.09366587033443982,0.08923994500829587
81,0.12908077239990234,0.1306743621826172,0.060663002172705996,0.09379860446673048,0.09061997884858565
82,0.1306743621826172,0.13226795196533203,0.06008338088804704,0.09393005044186278,0.09200710643112908
83,0.13226795196533203,0.13386154174804688,0.05949833527617445,0.0940605421779864,0.09340132541527962
84,0.13386154174804688,0.13545513153076172,0.05890785309119572,0.09419042526284581,0.09480263258545638
85,0.13545513153076172,0.13704872131347656,0.05831192510241133,0.09432005707812512,0.09621102383523576
86,0.13704872131347656,0.1386423110961914,0.05771054518786317,0.09444980691758689,0.09762649415134221
87,0.1386423110961914,0.14023590087890625,0.057103710428143266,0.09458005609859084,0.0990490375975454
88,0.14023590087890625,0.1418294906616211,0.056491421200362026,0.0947111980666021,0.10047864729846588
89,0.1418294906616211,0.14342308044433594,0.05587368127217436,0.09484363849232516,0.10191531542329313
90,0.14342308044433594,0.14501667022705078,0.05525049789574607,0.09497779536099724,0.1033590331694239
91,0.14501667022705078,0.14661026000976562,0.054621881901548146,0.09511409905345332,0.10480979074602272
92,0.14661026000976562,0.14820384979248047,0.053987847791861505,0.09525299241856656,0.10626757735750907
93,0.14820384979248047,0.1497974395751953,0.05334841383385884,0.09539493083657112,0.10773238118698038
94,0.1497974395751953,0.15139102935791016,0.05270360215213812,0.09554038227287348,0.10920418937957145
95,0.15139102935791016,0.152984619140625,0.052053438820570494,0.09568982732189978,0.11068298802575957
96,0.152984619140625,0.15457820892333984,0.05139795395331808,0.09584375924049912,0.11216876214461963
97,0.15457820892333984,0.1561717987060547,0.05073718179487812,0.09600268397047408,0.11366149566703561
98,0.1561717987060547,0.15776538848876953,0.05007116080900382,0.09616712014978525,0.11516117141887305
99,0.15776538848876953,0.15935897827148438,0.04939993376633607,0.09633759911189778,0.11666777110412307
100,0.15935897827148438,0.16095256805419922,0.04872354783059165,0.09651466487285597,0.11818127528802119
101,0.16095256805419922,0.16254615783691406,0.048042054643139584,0.09669887410559982,0.11970166338014726
102,0.16254615783691406,0.1641397476196289,0.047355510405789523,0.09689079610101686,0.12122891361751714
103,0.1641397476196289,0.16573333740234375,0.04666397596161587,0.09709101271525611,0.12276300304767013
104,0.16573333740234375,0.1673269271850586,0.04596751687363488,0.09730011830281773,0.12430390751176291
105,0.1673269271850586,0.16892051696777344,0.04526620350114755,0.09751871963493301,0.12585160162767314
106,0.16892051696777344,0.17051410675048828,0.044560111073555446,0.09774743580274668,0.1274060587731263
107,0.17051410675048828,0.17210769653320312,0.04384931976144741,0.0979868981047764,0.12896725106885013
108,0.17210769653320312,0.17370128631591797,0.04313391474476233,0.09823774991821728,0.13053514936176658
109,0.17370128631591797,0.1752948760986328,0.042413986277814966,0.09850064655355392,0.13210972320822975
110,0.1752948760986328,0.17688846588134766,0.04168962975097475,0.09877625509200856,0.13369094085731933
111,0.17688846588134766,0.1784820556640625,0.04096094574878377,0.0990652542053513,0.1352787692341976
112,0.1784820556640625,0.18007564544677734,0.040228040104291964,0.09936833395757838,0.13687317392354095
113,0.18007564544677734,0.1816692352294922,0.03949102394938583,0.09968619558798404,0.13847411915305352
114,0.1816692352294922,0.18326282501220703,0.03875001376088692,0.10001955127518188,0.14008156777707462
115,0.18326282501220703,0.18485641479492188,0.038005131402177816,0.10036912388153929,0.14169548126029116
116,0.18485641479492188,0.18645000457763672,0.037256504160137295,0.10073564667767414,0.14331581966156134
117,0.18645000457763672,0.18804359436035156,0.03650426477713601,0.10111986304649308,0.14494254161786335
118,0.18804359436035156,0.1896371841430664,0.03574855147785504,0.101522526166354,0.14657560432838038
119,0.1896371841430664,0.19123077392578125,0.0349895079906843,0.1019443986729226,0.1482149635387314
120,0.19123077392578125,0.1928243637084961,0.034227283563461934,0.10238625229934449,0.14986057352535834
121,0.1928243637084961,0.19441795349121094,0.033462032973297924,0.1028488674942775,0.1515123870800845
122,0.19441795349121094,0.19601154327392578,0.03269391653024633,0.10333303301746372,0.15317035549485067
123,0.19601154327392578,0.19760513305664062,0.03192310007456498,0.10383954551240997,0.15483442854664825
124,0.19760513305664062,0.19919872283935547,0.03114975496732362,0.10436920905588039,0.1565045544826533
125,0.19919872283935547,0.2007923126220703,0.030374058074105727,0.10492283468384547,0.1581806800055801
126,0.2007923126220703,0.20238590240478516,0.029596191741556574,0.10550123989358541,0.15986275025926436
127,0.20238590240478516,0.2039794921875,0.028816343766525174,0.10610524812163626,0.1615507088144896
128,0.2039794921875,0.20557308197021484,0.02803470735756174,0.10673568819736728,0.16324449765506827
129,0.20557308197021484,0.2071666717529297,0.02725148108851543,0.10739339377189351,0.16494405716419275
130,0.2071666717529297,0.20876026153564453,0.026466868843994244,0.10807920272213471,0.1666493261110694
131,0.20876026153564453,0.21035385131835938,0.025681079756450665,0.10879395652986298,0.16836024163784574
132,0.21035385131835938,0.21194744110107422,0.02489432813464354,0.10953849963550573,0.1700767392468528
133,0.21194744110107422,0.21354103088378906,0.024106833383257437,0.11031367876666055,0.1717987527881667
134,0.21354103088378906,0.2151346206665039,0.023318819913444554,0.11112034224118894,0.17352621444751015
135,0.2151346206665039,0.21672821044921875,0.022530517044068388,0.11195933924484376,0.17525905473450584
136,0.21672821044921875,0.2183218002319336,0.02174215889342813,0.11283151908337954,0.17699720247129705
137,0.2183218002319336,0.21991539001464844,0.020953984261260133,0.11373773040919986,0.1787405847815496
138,0.21991539001464844,0.22150897979736328,0.02016623650081182,0.11467882042258044,0.18048912707984857
139,0.22150897979736328,0.22310256958007812,0.019379163380786654,0.11565563404752736,0.1822427530615087
140,0.22310256958007812,0.22469615936279297,0.018593016936986166,0.1166690130824677,0.18400138469280816
141,0.22469615936279297,0.2262897491455078,0.017808053313462288,0.11771979532589566,0.1857649422016652
142,0.2262897491455078,0.22788333892822266,0.017024532593017408,0.11880881367721559,0.1875333440687714
143,0.22788333892822266,0.2294769287109375,0.01624271861690572,0.11993689521309324,0.18930650701919338
144,0.2294769287109375,0.23107051849365234,0.0154628787935731,0.12110486023953339,0.19108434601446697
145,0.23107051849365234,0.2326641082763672,0.014685283896329915,0.12231352132017437,0.19286677424518864
146,0.2326641082763672,0.23425769805908203,0.013910207849818633,0.12356368228110833,0.19465370312412805
147,0.23425769805908203,0.23585128784179688,0.01313792750518954,0.12485613719277606,0.1964450422798731
148,0.23585128784179688,0.23744487762451172,0.012368722403884508,0.1261916693293947,0.19824069955102527
149,0.23744487762451172,0.23903846740722656,0.011602874529970168,0.12757105010655653,0.2000405809809576
150,0.23903846740722656,0.2406320571899414,0.010840668050956532,0.12899503799758613,0.20184459081315528
151,0.2406320571899414,0.24222564697265625,0.01008238904706759,0.13046437742936026,0.203652631487151
152,0.24222564697265625,0.2438192367553711,0.009328325228949262,0.13197979765835585,0.20546460363507252
153,0.2438192367553711,0.24541282653808594,0.008578765643813999,0.1335420116277222,0.2072804060788153
154,0.24541282653808594,0.24700641632080078,0.007834000370032604,0.13515171480619428,0.20909993582786204
155,0.24700641632080078,0.24860000610351562,0.0070943202002426336,0.1368095840099007,0.21092308807775442
156,0.24860000610351562,0.25019359588623047,0.006360016313001337,0.13851627620788629,0.21274975620924422
157,0.25019359588623047,0.2517871856689453,0.005631379933106596,0.14027242731256653,0.21457983178812637
158,0.2517871856689453,0.25338077545166016,0.004908701980666363,0.14207865095609754,0.2164132045657821
159,0.25338077545166016,0.254974365234375,0.00419227270906919,0.1439355372539128,0.21824976248043554
